Relative_Compactness,Surface_Area,Wall_Area,Roof_Area,Overall_Height,Orientation,Glazing_Area,Glazing_Area_Distribution,Heating_Load,Cooling_Load,Total_Load,High_Glazing,Aspect_Ratio,Orientation_enc,GAD_enc
0.98,514.5,294,110.25,7,2,0,0,15.55,21.33,36.88,0,1.27272727272727,0,0
0.98,514.5,294,110.25,7,3,0,0,15.55,21.33,36.88,0,1.27272727272727,1,0
0.98,514.5,294,110.25,7,4,0,0,15.55,21.33,36.88,0,1.27272727272727,2,0
0.98,514.5,294,110.25,7,5,0,0,15.55,21.33,36.88,0,1.27272727272727,3,0
0.9,563.5,318.5,122.5,7,2,0,0,20.84,28.28,49.12,0,1.27777777777778,0,0
0.9,563.5,318.5,122.5,7,3,0,0,21.46,25.38,46.84,0,1.27777777777778,1,0
0.9,563.5,318.5,122.5,7,4,0,0,20.71,25.16,45.87,0,1.27777777777778,2,0
0.9,563.5,318.5,122.5,7,5,0,0,19.68,29.6,49.28,0,1.27777777777778,3,0
0.86,588,294,147,7,2,0,0,19.5,27.3,46.8,0,1.33333333333333,0,0
0.86,588,294,147,7,3,0,0,19.95,21.97,41.92,0,1.33333333333333,1,0
0.86,588,294,147,7,4,0,0,19.34,23.49,42.83,0,1.33333333333333,2,0
0.86,588,294,147,7,5,0,0,18.31,27.87,46.18,0,1.33333333333333,3,0
0.82,612.5,318.5,147,7,2,0,0,17.05,23.77,40.82,0,1.31578947368421,0,0
0.82,612.5,318.5,147,7,3,0,0,17.41,21.46,38.87,0,1.31578947368421,1,0
0.82,612.5,318.5,147,7,4,0,0,16.95,21.16,38.11,0,1.31578947368421,2,0
0.82,612.5,318.5,147,7,5,0,0,15.98,24.93,40.91,0,1.31578947368421,3,0
0.79,637,343,147,7,2,0,0,28.52,37.73,66.25,0,1.3,0,0
0.79,637,343,147,7,3,0,0,29.9,31.27,61.17,0,1.3,1,0
0.79,637,343,147,7,4,0,0,29.63,30.93,60.56,0,1.3,2,0
0.79,637,343,147,7,5,0,0,28.75,39.44,68.19,0,1.3,3,0
0.76,661.5,416.5,122.5,7,2,0,0,24.77,29.79,54.56,0,1.22727272727273,0,0
0.76,661.5,416.5,122.5,7,3,0,0,23.93,29.68,53.61,0,1.22727272727273,1,0
0.76,661.5,416.5,122.5,7,4,0,0,24.77,29.79,54.56,0,1.22727272727273,2,0
0.76,661.5,416.5,122.5,7,5,0,0,23.93,29.4,53.33,0,1.22727272727273,3,0
0.74,686,245,220.5,3.5,2,0,0,6.07,10.9,16.97,0,1.47368421052632,0,0
0.74,686,245,220.5,3.5,3,0,0,6.05,11.19,17.24,0,1.47368421052632,1,0
0.74,686,245,220.5,3.5,4,0,0,6.01,10.94,16.95,0,1.47368421052632,2,0
0.74,686,245,220.5,3.5,5,0,0,6.04,11.17,17.21,0,1.47368421052632,3,0
0.71,710.5,269.5,220.5,3.5,2,0,0,6.37,11.27,17.64,0,1.45,0,0
0.71,710.5,269.5,220.5,3.5,3,0,0,6.4,11.72,18.12,0,1.45,1,0
0.71,710.5,269.5,220.5,3.5,4,0,0,6.366,11.29,17.656,0,1.45,2,0
0.71,710.5,269.5,220.5,3.5,5,0,0,6.4,11.67,18.07,0,1.45,3,0
0.69,735,294,220.5,3.5,2,0,0,6.85,11.74,18.59,0,1.42857142857143,0,0
0.69,735,294,220.5,3.5,3,0,0,6.79,12.05,18.84,0,1.42857142857143,1,0
0.69,735,294,220.5,3.5,4,0,0,6.77,11.73,18.5,0,1.42857142857143,2,0
0.69,735,294,220.5,3.5,5,0,0,6.81,11.93,18.74,0,1.42857142857143,3,0
0.66,759.5,318.5,220.5,3.5,2,0,0,7.18,12.4,19.58,0,1.40909090909091,0,0
0.66,759.5,318.5,220.5,3.5,3,0,0,7.1,12.23,19.33,0,1.40909090909091,1,0
0.66,759.5,318.5,220.5,3.5,4,0,0,7.1,12.4,19.5,0,1.40909090909091,2,0
0.66,759.5,318.5,220.5,3.5,5,0,0,7.1,12.14,19.24,0,1.40909090909091,3,0
0.64,784,343,220.5,3.5,2,0,0,10.85,16.78,27.63,0,1.39130434782609,0,0
0.64,784,343,220.5,3.5,3,0,0,10.54,16.8,27.34,0,1.39130434782609,1,0
0.64,784,343,220.5,3.5,4,0,0,10.77,16.75,27.52,0,1.39130434782609,2,0
0.64,784,343,220.5,3.5,5,0,0,10.56,16.67,27.23,0,1.39130434782609,3,0
0.62,808.5,367.5,220.5,3.5,2,0,0,8.6,12.07,20.67,0,1.375,0,0
0.62,808.5,367.5,220.5,3.5,3,0,0,8.49,12.22,20.71,0,1.375,1,0
0.62,808.5,367.5,220.5,3.5,4,0,0,8.45,12.08,20.53,0,1.375,2,0
0.62,808.5,367.5,220.5,3.5,5,0,0,8.5,12.04,20.54,0,1.375,3,0
0.98,514.5,294,110.25,7,2,0.1,1,24.58,26.47,51.05,0,1.27272727272727,0,1
0.98,514.5,294,110.25,7,3,0.1,1,24.63,26.37,51,0,1.27272727272727,1,1
0.98,514.5,294,110.25,7,4,0.1,1,24.63,26.44,51.07,0,1.27272727272727,2,1
0.98,514.5,294,110.25,7,5,0.1,1,24.59,26.29,50.88,0,1.27272727272727,3,1
0.9,563.5,318.5,122.5,7,2,0.1,1,29.03,32.92,61.95,0,1.27777777777778,0,1
0.9,563.5,318.5,122.5,7,3,0.1,1,29.87,29.87,59.74,0,1.27777777777778,1,1
0.9,563.5,318.5,122.5,7,4,0.1,1,29.14,29.58,58.72,0,1.27777777777778,2,1
0.9,563.5,318.5,122.5,7,5,0.1,1,28.09,34.33,62.42,0,1.27777777777778,3,1
0.86,588,294,147,7,2,0.1,1,26.28,30.89,57.17,0,1.33333333333333,0,1
0.86,588,294,147,7,3,0.1,1,26.91,25.6,52.51,0,1.33333333333333,1,1
0.86,588,294,147,7,4,0.1,1,26.37,27.03,53.4,0,1.33333333333333,2,1
0.86,588,294,147,7,5,0.1,1,25.27,31.73,57,0,1.33333333333333,3,1
0.82,612.5,318.5,147,7,2,0.1,1,23.53,27.31,50.84,0,1.31578947368421,0,1
0.82,612.5,318.5,147,7,3,0.1,1,24.03,24.91,48.94,0,1.31578947368421,1,1
0.82,612.5,318.5,147,7,4,0.1,1,23.54,24.61,48.15,0,1.31578947368421,2,1
0.82,612.5,318.5,147,7,5,0.1,1,22.58,28.51,51.09,0,1.31578947368421,3,1
0.79,637,343,147,7,2,0.1,1,35.56,41.68,77.24,0,1.3,0,1
0.79,637,343,147,7,3,0.1,1,37.12,35.28,72.4,0,1.3,1,1
0.79,637,343,147,7,4,0.1,1,36.9,34.43,71.33,0,1.3,2,1
0.79,637,343,147,7,5,0.1,1,35.94,43.33,79.27,0,1.3,3,1
0.76,661.5,416.5,122.5,7,2,0.1,1,32.96,33.87,66.83,0,1.22727272727273,0,1
0.76,661.5,416.5,122.5,7,3,0.1,1,32.12,34.07,66.19,0,1.22727272727273,1,1
0.76,661.5,416.5,122.5,7,4,0.1,1,32.94,34.14,67.08,0,1.22727272727273,2,1
0.76,661.5,416.5,122.5,7,5,0.1,1,32.21,33.67,65.88,0,1.22727272727273,3,1
0.74,686,245,220.5,3.5,2,0.1,1,10.36,13.43,23.79,0,1.47368421052632,0,1
0.74,686,245,220.5,3.5,3,0.1,1,10.43,13.71,24.14,0,1.47368421052632,1,1
0.74,686,245,220.5,3.5,4,0.1,1,10.36,13.48,23.84,0,1.47368421052632,2,1
0.74,686,245,220.5,3.5,5,0.1,1,10.39,13.7,24.09,0,1.47368421052632,3,1
0.71,710.5,269.5,220.5,3.5,2,0.1,1,10.71,13.8,24.51,0,1.45,0,1
0.71,710.5,269.5,220.5,3.5,3,0.1,1,10.8,14.28,25.08,0,1.45,1,1
0.71,710.5,269.5,220.5,3.5,4,0.1,1,10.7,13.87,24.57,0,1.45,2,1
0.71,710.5,269.5,220.5,3.5,5,0.1,1,10.75,14.27,25.02,0,1.45,3,1
0.69,735,294,220.5,3.5,2,0.1,1,11.11,14.28,25.39,0,1.42857142857143,0,1
0.69,735,294,220.5,3.5,3,0.1,1,11.13,14.61,25.74,0,1.42857142857143,1,1
0.69,735,294,220.5,3.5,4,0.1,1,11.09,14.3,25.39,0,1.42857142857143,2,1
0.69,735,294,220.5,3.5,5,0.1,1,11.16,14.45,25.61,0,1.42857142857143,3,1
0.66,759.5,318.5,220.5,3.5,2,0.1,1,11.68,13.9,25.58,0,1.40909090909091,0,1
0.66,759.5,318.5,220.5,3.5,3,0.1,1,11.69,13.72,25.41,0,1.40909090909091,1,1
0.66,759.5,318.5,220.5,3.5,4,0.1,1,11.7,13.88,25.58,0,1.40909090909091,2,1
0.66,759.5,318.5,220.5,3.5,5,0.1,1,11.69,13.65,25.34,0,1.40909090909091,3,1
0.64,784,343,220.5,3.5,2,0.1,1,15.41,19.37,34.78,0,1.39130434782609,0,1
0.64,784,343,220.5,3.5,3,0.1,1,15.2,19.43,34.63,0,1.39130434782609,1,1
0.64,784,343,220.5,3.5,4,0.1,1,15.42,19.34,34.76,0,1.39130434782609,2,1
0.64,784,343,220.5,3.5,5,0.1,1,15.21,19.32,34.53,0,1.39130434782609,3,1
0.62,808.5,367.5,220.5,3.5,2,0.1,1,12.96,14.34,27.3,0,1.375,0,1
0.62,808.5,367.5,220.5,3.5,3,0.1,1,12.97,14.5,27.47,0,1.375,1,1
0.62,808.5,367.5,220.5,3.5,4,0.1,1,12.93,14.33,27.26,0,1.375,2,1
0.62,808.5,367.5,220.5,3.5,5,0.1,1,13.02,14.27,27.29,0,1.375,3,1
0.98,514.5,294,110.25,7,2,0.1,2,24.29,25.95,50.24,0,1.27272727272727,0,2
0.98,514.5,294,110.25,7,3,0.1,2,24.31,25.63,49.94,0,1.27272727272727,1,2
0.98,514.5,294,110.25,7,4,0.1,2,24.13,26.13,50.26,0,1.27272727272727,2,2
0.98,514.5,294,110.25,7,5,0.1,2,24.25,25.89,50.14,0,1.27272727272727,3,2
0.9,563.5,318.5,122.5,7,2,0.1,2,28.88,32.54,61.42,0,1.27777777777778,0,2
0.9,563.5,318.5,122.5,7,3,0.1,2,29.68,29.44,59.12,0,1.27777777777778,1,2
0.9,563.5,318.5,122.5,7,4,0.1,2,28.83,29.36,58.19,0,1.27777777777778,2,2
0.9,563.5,318.5,122.5,7,5,0.1,2,27.9,34.2,62.1,0,1.27777777777778,3,2
0.86,588,294,147,7,2,0.1,2,26.48,30.91,57.39,0,1.33333333333333,0,2
0.86,588,294,147,7,3,0.1,2,27.02,25.63,52.65,0,1.33333333333333,1,2
0.86,588,294,147,7,4,0.1,2,26.33,27.36,53.69,0,1.33333333333333,2,2
0.86,588,294,147,7,5,0.1,2,25.36,31.9,57.26,0,1.33333333333333,3,2
0.82,612.5,318.5,147,7,2,0.1,2,23.75,27.38,51.13,0,1.31578947368421,0,2
0.82,612.5,318.5,147,7,3,0.1,2,24.23,25.02,49.25,0,1.31578947368421,1,2
0.82,612.5,318.5,147,7,4,0.1,2,23.67,24.8,48.47,0,1.31578947368421,2,2
0.82,612.5,318.5,147,7,5,0.1,2,22.79,28.79,51.58,0,1.31578947368421,3,2
0.79,637,343,147,7,2,0.1,2,35.65,41.07,76.72,0,1.3,0,2
0.79,637,343,147,7,3,0.1,2,37.26,34.62,71.88,0,1.3,1,2
0.79,637,343,147,7,4,0.1,2,36.97,33.87,70.84,0,1.3,2,2
0.79,637,343,147,7,5,0.1,2,36.03,42.86,78.89,0,1.3,3,2
0.76,661.5,416.5,122.5,7,2,0.1,2,33.16,33.91,67.07,0,1.22727272727273,0,2
0.76,661.5,416.5,122.5,7,3,0.1,2,32.4,34.07,66.47,0,1.22727272727273,1,2
0.76,661.5,416.5,122.5,7,4,0.1,2,33.12,34.17,67.29,0,1.22727272727273,2,2
0.76,661.5,416.5,122.5,7,5,0.1,2,32.41,33.78,66.19,0,1.22727272727273,3,2
0.74,686,245,220.5,3.5,2,0.1,2,10.42,13.39,23.81,0,1.47368421052632,0,2
0.74,686,245,220.5,3.5,3,0.1,2,10.46,13.72,24.18,0,1.47368421052632,1,2
0.74,686,245,220.5,3.5,4,0.1,2,10.32,13.57,23.89,0,1.47368421052632,2,2
0.74,686,245,220.5,3.5,5,0.1,2,10.45,13.79,24.24,0,1.47368421052632,3,2
0.71,710.5,269.5,220.5,3.5,2,0.1,2,10.64,13.67,24.31,0,1.45,0,2
0.71,710.5,269.5,220.5,3.5,3,0.1,2,10.72,14.11,24.83,0,1.45,1,2
0.71,710.5,269.5,220.5,3.5,4,0.1,2,10.55,13.8,24.35,0,1.45,2,2
0.71,710.5,269.5,220.5,3.5,5,0.1,2,10.68,14.21,24.89,0,1.45,3,2
0.69,735,294,220.5,3.5,2,0.1,2,11.45,13.2,24.65,0,1.42857142857143,0,2
0.69,735,294,220.5,3.5,3,0.1,2,11.46,13.54,25,0,1.42857142857143,1,2
0.69,735,294,220.5,3.5,4,0.1,2,11.32,13.32,24.64,0,1.42857142857143,2,2
0.69,735,294,220.5,3.5,5,0.1,2,11.49,13.51,25,0,1.42857142857143,3,2
0.66,759.5,318.5,220.5,3.5,2,0.1,2,11.45,14.86,26.31,0,1.40909090909091,0,2
0.66,759.5,318.5,220.5,3.5,3,0.1,2,11.42,14.75,26.17,0,1.40909090909091,1,2
0.66,759.5,318.5,220.5,3.5,4,0.1,2,11.33,15,26.33,0,1.40909090909091,2,2
0.66,759.5,318.5,220.5,3.5,5,0.1,2,11.43,14.74,26.17,0,1.40909090909091,3,2
0.64,784,343,220.5,3.5,2,0.1,2,15.41,19.23,34.64,0,1.39130434782609,0,2
0.64,784,343,220.5,3.5,3,0.1,2,15.18,19.34,34.52,0,1.39130434782609,1,2
0.64,784,343,220.5,3.5,4,0.1,2,15.34,19.32,34.66,0,1.39130434782609,2,2
0.64,784,343,220.5,3.5,5,0.1,2,15.19,19.3,34.49,0,1.39130434782609,3,2
0.62,808.5,367.5,220.5,3.5,2,0.1,2,12.88,14.37,27.25,0,1.375,0,2
0.62,808.5,367.5,220.5,3.5,3,0.1,2,13,14.57,27.57,0,1.375,1,2
0.62,808.5,367.5,220.5,3.5,4,0.1,2,12.97,14.27,27.24,0,1.375,2,2
0.62,808.5,367.5,220.5,3.5,5,0.1,2,13.04,14.24,27.28,0,1.375,3,2
0.98,514.5,294,110.25,7,2,0.1,3,24.28,25.68,49.96,0,1.27272727272727,0,3
0.98,514.5,294,110.25,7,3,0.1,3,24.4,26.02,50.42,0,1.27272727272727,1,3
0.98,514.5,294,110.25,7,4,0.1,3,24.11,25.84,49.95,0,1.27272727272727,2,3
0.98,514.5,294,110.25,7,5,0.1,3,24.35,26.14,50.49,0,1.27272727272727,3,3
0.9,563.5,318.5,122.5,7,2,0.1,3,28.07,34.14,62.21,0,1.27777777777778,0,3
0.9,563.5,318.5,122.5,7,3,0.1,3,29.01,32.85,61.86,0,1.27777777777778,1,3
0.9,563.5,318.5,122.5,7,4,0.1,3,29.62,30.08,59.7,0,1.27777777777778,2,3
0.9,563.5,318.5,122.5,7,5,0.1,3,29.05,29.67,58.72,0,1.27777777777778,3,3
0.86,588,294,147,7,2,0.1,3,25.41,31.73,57.14,0,1.33333333333333,0,3
0.86,588,294,147,7,3,0.1,3,26.47,31.01,57.48,0,1.33333333333333,1,3
0.86,588,294,147,7,4,0.1,3,26.89,25.9,52.79,0,1.33333333333333,2,3
0.86,588,294,147,7,5,0.1,3,26.46,27.4,53.86,0,1.33333333333333,3,3
0.82,612.5,318.5,147,7,2,0.1,3,22.93,28.68,51.61,0,1.31578947368421,0,3
0.82,612.5,318.5,147,7,3,0.1,3,23.84,27.54,51.38,0,1.31578947368421,1,3
0.82,612.5,318.5,147,7,4,0.1,3,24.17,25.35,49.52,0,1.31578947368421,2,3
0.82,612.5,318.5,147,7,5,0.1,3,23.87,24.93,48.8,0,1.31578947368421,3,3
0.79,637,343,147,7,2,0.1,3,35.78,43.12,78.9,0,1.3,0,3
0.79,637,343,147,7,3,0.1,3,35.48,41.22,76.7,0,1.3,1,3
0.79,637,343,147,7,4,0.1,3,36.97,35.1,72.07,0,1.3,2,3
0.79,637,343,147,7,5,0.1,3,36.7,34.29,70.99,0,1.3,3,3
0.76,661.5,416.5,122.5,7,2,0.1,3,32.52,33.85,66.37,0,1.22727272727273,0,3
0.76,661.5,416.5,122.5,7,3,0.1,3,33.28,34.11,67.39,0,1.22727272727273,1,3
0.76,661.5,416.5,122.5,7,4,0.1,3,32.33,34.48,66.81,0,1.22727272727273,2,3
0.76,661.5,416.5,122.5,7,5,0.1,3,33.24,34.5,67.74,0,1.22727272727273,3,3
0.74,686,245,220.5,3.5,2,0.1,3,10.39,13.6,23.99,0,1.47368421052632,0,3
0.74,686,245,220.5,3.5,3,0.1,3,10.34,13.36,23.7,0,1.47368421052632,1,3
0.74,686,245,220.5,3.5,4,0.1,3,10.35,13.65,24,0,1.47368421052632,2,3
0.74,686,245,220.5,3.5,5,0.1,3,10.38,13.49,23.87,0,1.47368421052632,3,3
0.71,710.5,269.5,220.5,3.5,2,0.1,3,10.77,14.14,24.91,0,1.45,0,3
0.71,710.5,269.5,220.5,3.5,3,0.1,3,10.68,13.77,24.45,0,1.45,1,3
0.71,710.5,269.5,220.5,3.5,4,0.1,3,10.68,14.3,24.98,0,1.45,2,3
0.71,710.5,269.5,220.5,3.5,5,0.1,3,10.7,13.87,24.57,0,1.45,3,3
0.69,735,294,220.5,3.5,2,0.1,3,11.22,14.44,25.66,0,1.42857142857143,0,3
0.69,735,294,220.5,3.5,3,0.1,3,11.16,14.27,25.43,0,1.42857142857143,1,3
0.69,735,294,220.5,3.5,4,0.1,3,11.1,14.67,25.77,0,1.42857142857143,2,3
0.69,735,294,220.5,3.5,5,0.1,3,11.14,14.4,25.54,0,1.42857142857143,3,3
0.66,759.5,318.5,220.5,3.5,2,0.1,3,11.59,13.46,25.05,0,1.40909090909091,0,3
0.66,759.5,318.5,220.5,3.5,3,0.1,3,11.6,13.7,25.3,0,1.40909090909091,1,3
0.66,759.5,318.5,220.5,3.5,4,0.1,3,11.53,13.59,25.12,0,1.40909090909091,2,3
0.66,759.5,318.5,220.5,3.5,5,0.1,3,11.61,13.83,25.44,0,1.40909090909091,3,3
0.64,784,343,220.5,3.5,2,0.1,3,15.16,19.14,34.3,0,1.39130434782609,0,3
0.64,784,343,220.5,3.5,3,0.1,3,15.36,19.18,34.54,0,1.39130434782609,1,3
0.64,784,343,220.5,3.5,4,0.1,3,15.12,19.37,34.49,0,1.39130434782609,2,3
0.64,784,343,220.5,3.5,5,0.1,3,15.36,19.29,34.65,0,1.39130434782609,3,3
0.62,808.5,367.5,220.5,3.5,2,0.1,3,12.68,14.09,26.77,0,1.375,0,3
0.62,808.5,367.5,220.5,3.5,3,0.1,3,12.63,14.23,26.86,0,1.375,1,3
0.62,808.5,367.5,220.5,3.5,4,0.1,3,12.71,14.14,26.85,0,1.375,2,3
0.62,808.5,367.5,220.5,3.5,5,0.1,3,12.73,13.89,26.62,0,1.375,3,3
0.98,514.5,294,110.25,7,2,0.1,4,24.38,25.91,50.29,0,1.27272727272727,0,4
0.98,514.5,294,110.25,7,3,0.1,4,24.23,25.72,49.95,0,1.27272727272727,1,4
0.98,514.5,294,110.25,7,4,0.1,4,24.04,26.18,50.22,0,1.27272727272727,2,4
0.98,514.5,294,110.25,7,5,0.1,4,24.32,25.87,50.19,0,1.27272727272727,3,4
0.9,563.5,318.5,122.5,7,2,0.1,4,29.06,29.34,58.4,0,1.27777777777778,0,4
0.9,563.5,318.5,122.5,7,3,0.1,4,28.05,33.91,61.96,0,1.27777777777778,1,4
0.9,563.5,318.5,122.5,7,4,0.1,4,28.86,32.83,61.69,0,1.27777777777778,2,4
0.9,563.5,318.5,122.5,7,5,0.1,4,29.79,29.92,59.71,0,1.27777777777778,3,4
0.86,588,294,147,7,2,0.1,4,26.44,27.17,53.61,0,1.33333333333333,0,4
0.86,588,294,147,7,3,0.1,4,25.37,31.76,57.13,0,1.33333333333333,1,4
0.86,588,294,147,7,4,0.1,4,26.33,31.06,57.39,0,1.33333333333333,2,4
0.86,588,294,147,7,5,0.1,4,27.03,25.81,52.84,0,1.33333333333333,3,4
0.82,612.5,318.5,147,7,2,0.1,4,23.8,24.61,48.41,0,1.31578947368421,0,4
0.82,612.5,318.5,147,7,3,0.1,4,22.8,28.61,51.41,0,1.31578947368421,1,4
0.82,612.5,318.5,147,7,4,0.1,4,23.59,27.57,51.16,0,1.31578947368421,2,4
0.82,612.5,318.5,147,7,5,0.1,4,24.24,25.16,49.4,0,1.31578947368421,3,4
0.79,637,343,147,7,2,0.1,4,36.86,34.25,71.11,0,1.3,0,4
0.79,637,343,147,7,3,0.1,4,35.89,43.3,79.19,0,1.3,1,4
0.79,637,343,147,7,4,0.1,4,35.45,41.86,77.31,0,1.3,2,4
0.79,637,343,147,7,5,0.1,4,37.1,35.29,72.39,0,1.3,3,4
0.76,661.5,416.5,122.5,7,2,0.1,4,33.08,34.11,67.19,0,1.22727272727273,0,4
0.76,661.5,416.5,122.5,7,3,0.1,4,32.38,33.62,66,0,1.22727272727273,1,4
0.76,661.5,416.5,122.5,7,4,0.1,4,33.09,33.89,66.98,0,1.22727272727273,2,4
0.76,661.5,416.5,122.5,7,5,0.1,4,32.31,34.05,66.36,0,1.22727272727273,3,4
0.74,686,245,220.5,3.5,2,0.1,4,10.08,13.2,23.28,0,1.47368421052632,0,4
0.74,686,245,220.5,3.5,3,0.1,4,10.15,13.36,23.51,0,1.47368421052632,1,4
0.74,686,245,220.5,3.5,4,0.1,4,10.07,13.21,23.28,0,1.47368421052632,2,4
0.74,686,245,220.5,3.5,5,0.1,4,10.14,13.53,23.67,0,1.47368421052632,3,4
0.71,710.5,269.5,220.5,3.5,2,0.1,4,10.66,13.67,24.33,0,1.45,0,4
0.71,710.5,269.5,220.5,3.5,3,0.1,4,10.68,14.12,24.8,0,1.45,1,4
0.71,710.5,269.5,220.5,3.5,4,0.1,4,10.53,13.79,24.32,0,1.45,2,4
0.71,710.5,269.5,220.5,3.5,5,0.1,4,10.72,14.2,24.92,0,1.45,3,4
0.69,735,294,220.5,3.5,2,0.1,4,11.18,14.29,25.47,0,1.42857142857143,0,4
0.69,735,294,220.5,3.5,3,0.1,4,11.22,14.49,25.71,0,1.42857142857143,1,4
0.69,735,294,220.5,3.5,4,0.1,4,11.07,14.42,25.49,0,1.42857142857143,2,4
0.69,735,294,220.5,3.5,5,0.1,4,11.2,14.73,25.93,0,1.42857142857143,3,4
0.66,759.5,318.5,220.5,3.5,2,0.1,4,11.44,14.86,26.3,0,1.40909090909091,0,4
0.66,759.5,318.5,220.5,3.5,3,0.1,4,11.42,14.67,26.09,0,1.40909090909091,1,4
0.66,759.5,318.5,220.5,3.5,4,0.1,4,11.33,15,26.33,0,1.40909090909091,2,4
0.66,759.5,318.5,220.5,3.5,5,0.1,4,11.43,14.83,26.26,0,1.40909090909091,3,4
0.64,784,343,220.5,3.5,2,0.1,4,15.4,19.24,34.64,0,1.39130434782609,0,4
0.64,784,343,220.5,3.5,3,0.1,4,15.19,19.25,34.44,0,1.39130434782609,1,4
0.64,784,343,220.5,3.5,4,0.1,4,15.32,19.42,34.74,0,1.39130434782609,2,4
0.64,784,343,220.5,3.5,5,0.1,4,15.16,19.48,34.64,0,1.39130434782609,3,4
0.62,808.5,367.5,220.5,3.5,2,0.1,4,12.85,14.37,27.22,0,1.375,0,4
0.62,808.5,367.5,220.5,3.5,3,0.1,4,13.04,14.34,27.38,0,1.375,1,4
0.62,808.5,367.5,220.5,3.5,4,0.1,4,13,14.28,27.28,0,1.375,2,4
0.62,808.5,367.5,220.5,3.5,5,0.1,4,13,14.47,27.47,0,1.375,3,4
0.98,514.5,294,110.25,7,2,0.1,5,24.35,25.64,49.99,0,1.27272727272727,0,5
0.98,514.5,294,110.25,7,3,0.1,5,24.33,25.98,50.31,0,1.27272727272727,1,5
0.98,514.5,294,110.25,7,4,0.1,5,24.03,25.88,49.91,0,1.27272727272727,2,5
0.98,514.5,294,110.25,7,5,0.1,5,24.26,26.18,50.44,0,1.27272727272727,3,5
0.9,563.5,318.5,122.5,7,2,0.1,5,29.83,29.82,59.65,0,1.27777777777778,0,5
0.9,563.5,318.5,122.5,7,3,0.1,5,29.08,29.52,58.6,0,1.27777777777778,1,5
0.9,563.5,318.5,122.5,7,4,0.1,5,28.03,34.45,62.48,0,1.27777777777778,2,5
0.9,563.5,318.5,122.5,7,5,0.1,5,29.02,33.01,62.03,0,1.27777777777778,3,5
0.86,588,294,147,7,2,0.1,5,27.03,25.82,52.85,0,1.33333333333333,0,5
0.86,588,294,147,7,3,0.1,5,26.45,27.33,53.78,0,1.33333333333333,1,5
0.86,588,294,147,7,4,0.1,5,25.36,32.04,57.4,0,1.33333333333333,2,5
0.86,588,294,147,7,5,0.1,5,26.45,31.28,57.73,0,1.33333333333333,3,5
0.82,612.5,318.5,147,7,2,0.1,5,24.37,25.11,49.48,0,1.31578947368421,0,5
0.82,612.5,318.5,147,7,3,0.1,5,23.89,24.77,48.66,0,1.31578947368421,1,5
0.82,612.5,318.5,147,7,4,0.1,5,22.89,28.88,51.77,0,1.31578947368421,2,5
0.82,612.5,318.5,147,7,5,0.1,5,23.86,27.69,51.55,0,1.31578947368421,3,5
0.79,637,343,147,7,2,0.1,5,37.03,34.99,72.02,0,1.3,0,5
0.79,637,343,147,7,3,0.1,5,36.71,34.18,70.89,0,1.3,1,5
0.79,637,343,147,7,4,0.1,5,36.77,43.14,79.91,0,1.3,2,5
0.79,637,343,147,7,5,0.1,5,35.48,41.26,76.74,0,1.3,3,5
0.76,661.5,416.5,122.5,7,2,0.1,5,32.31,34.25,66.56,0,1.22727272727273,0,5
0.76,661.5,416.5,122.5,7,3,0.1,5,33.21,34.35,67.56,0,1.22727272727273,1,5
0.76,661.5,416.5,122.5,7,4,0.1,5,32.46,33.64,66.1,0,1.22727272727273,2,5
0.76,661.5,416.5,122.5,7,5,0.1,5,33.27,33.88,67.15,0,1.22727272727273,3,5
0.74,686,245,220.5,3.5,2,0.1,5,10.47,13.65,24.12,0,1.47368421052632,0,5
0.74,686,245,220.5,3.5,3,0.1,5,10.37,13.44,23.81,0,1.47368421052632,1,5
0.74,686,245,220.5,3.5,4,0.1,5,10.34,13.72,24.06,0,1.47368421052632,2,5
0.74,686,245,220.5,3.5,5,0.1,5,10.39,13.5,23.89,0,1.47368421052632,3,5
0.71,710.5,269.5,220.5,3.5,2,0.1,5,10.78,14.18,24.96,0,1.45,0,5
0.71,710.5,269.5,220.5,3.5,3,0.1,5,10.7,13.75,24.45,0,1.45,1,5
0.71,710.5,269.5,220.5,3.5,4,0.1,5,10.67,14.26,24.93,0,1.45,2,5
0.71,710.5,269.5,220.5,3.5,5,0.1,5,13.69,13.89,27.58,0,1.45,3,5
0.69,735,294,220.5,3.5,2,0.1,5,11.21,14.55,25.76,0,1.42857142857143,0,5
0.69,735,294,220.5,3.5,3,0.1,5,11.14,14.28,25.42,0,1.42857142857143,1,5
0.69,735,294,220.5,3.5,4,0.1,5,11.11,14.46,25.57,0,1.42857142857143,2,5
0.69,735,294,220.5,3.5,5,0.1,5,11.16,14.39,25.55,0,1.42857142857143,3,5
0.66,759.5,318.5,220.5,3.5,2,0.1,5,11.38,14.54,25.92,0,1.40909090909091,0,5
0.66,759.5,318.5,220.5,3.5,3,0.1,5,11.34,14.81,26.15,0,1.40909090909091,1,5
0.66,759.5,318.5,220.5,3.5,4,0.1,5,11.22,14.65,25.87,0,1.40909090909091,2,5
0.66,759.5,318.5,220.5,3.5,5,0.1,5,11.34,14.87,26.21,0,1.40909090909091,3,5
0.64,784,343,220.5,3.5,2,0.1,5,15.16,19.24,34.4,0,1.39130434782609,0,5
0.64,784,343,220.5,3.5,3,0.1,5,15.37,19.18,34.55,0,1.39130434782609,1,5
0.64,784,343,220.5,3.5,4,0.1,5,15.12,19.26,34.38,0,1.39130434782609,2,5
0.64,784,343,220.5,3.5,5,0.1,5,15.36,19.29,34.65,0,1.39130434782609,3,5
0.62,808.5,367.5,220.5,3.5,2,0.1,5,12.59,14.24,26.83,0,1.375,0,5
0.62,808.5,367.5,220.5,3.5,3,0.1,5,12.74,13.97,26.71,0,1.375,1,5
0.62,808.5,367.5,220.5,3.5,4,0.1,5,12.8,13.99,26.79,0,1.375,2,5
0.62,808.5,367.5,220.5,3.5,5,0.1,5,12.62,14.15,26.77,0,1.375,3,5
0.98,514.5,294,110.25,7,2,0.25,1,28.15,29.79,57.94,0,1.27272727272727,0,1
0.98,514.5,294,110.25,7,3,0.25,1,28.15,29.79,57.94,0,1.27272727272727,1,1
0.98,514.5,294,110.25,7,4,0.25,1,28.37,29.28,57.65,0,1.27272727272727,2,1
0.98,514.5,294,110.25,7,5,0.25,1,28.41,29.49,57.9,0,1.27272727272727,3,1
0.9,563.5,318.5,122.5,7,2,0.25,1,32.68,36.12,68.8,0,1.27777777777778,0,1
0.9,563.5,318.5,122.5,7,3,0.25,1,33.48,33.17,66.65,0,1.27777777777778,1,1
0.9,563.5,318.5,122.5,7,4,0.25,1,32.84,32.71,65.55,0,1.27777777777778,2,1
0.9,563.5,318.5,122.5,7,5,0.25,1,32,37.58,69.58,0,1.27777777777778,3,1
0.86,588,294,147,7,2,0.25,1,29.54,33.98,63.52,0,1.33333333333333,0,1
0.86,588,294,147,7,3,0.25,1,30.05,28.61,58.66,0,1.33333333333333,1,1
0.86,588,294,147,7,4,0.25,1,29.6,30.12,59.72,0,1.33333333333333,2,1
0.86,588,294,147,7,5,0.25,1,28.66,34.73,63.39,0,1.33333333333333,3,1
0.82,612.5,318.5,147,7,2,0.25,1,26.84,30.17,57.01,0,1.31578947368421,0,1
0.82,612.5,318.5,147,7,3,0.25,1,27.27,27.84,55.11,0,1.31578947368421,1,1
0.82,612.5,318.5,147,7,4,0.25,1,26.97,27.25,54.22,0,1.31578947368421,2,1
0.82,612.5,318.5,147,7,5,0.25,1,26.19,31.39,57.58,0,1.31578947368421,3,1
0.79,637,343,147,7,2,0.25,1,38.67,43.8,82.47,0,1.3,0,1
0.79,637,343,147,7,3,0.25,1,40.03,37.81,77.84,0,1.3,1,1
0.79,637,343,147,7,4,0.25,1,39.86,36.85,76.71,0,1.3,2,1
0.79,637,343,147,7,5,0.25,1,39.04,45.52,84.56,0,1.3,3,1
0.76,661.5,416.5,122.5,7,2,0.25,1,36.96,36.85,73.81,0,1.22727272727273,0,1
0.76,661.5,416.5,122.5,7,3,0.25,1,36.13,37.58,73.71,0,1.22727272727273,1,1
0.76,661.5,416.5,122.5,7,4,0.25,1,36.91,37.45,74.36,0,1.22727272727273,2,1
0.76,661.5,416.5,122.5,7,5,0.25,1,36.43,36.62,73.05,0,1.22727272727273,3,1
0.74,686,245,220.5,3.5,2,0.25,1,12.43,15.19,27.62,0,1.47368421052632,0,1
0.74,686,245,220.5,3.5,3,0.25,1,12.5,15.5,28,0,1.47368421052632,1,1
0.74,686,245,220.5,3.5,4,0.25,1,12.41,15.28,27.69,0,1.47368421052632,2,1
0.74,686,245,220.5,3.5,5,0.25,1,12.45,15.5,27.95,0,1.47368421052632,3,1
0.71,710.5,269.5,220.5,3.5,2,0.25,1,12.57,15.42,27.99,0,1.45,0,1
0.71,710.5,269.5,220.5,3.5,3,0.25,1,12.65,15.85,28.5,0,1.45,1,1
0.71,710.5,269.5,220.5,3.5,4,0.25,1,12.57,15.44,28.01,0,1.45,2,1
0.71,710.5,269.5,220.5,3.5,5,0.25,1,12.63,15.81,28.44,0,1.45,3,1
0.69,735,294,220.5,3.5,2,0.25,1,12.78,15.21,27.99,0,1.42857142857143,0,1
0.69,735,294,220.5,3.5,3,0.25,1,12.93,15.63,28.56,0,1.42857142857143,1,1
0.69,735,294,220.5,3.5,4,0.25,1,12.73,15.48,28.21,0,1.42857142857143,2,1
0.69,735,294,220.5,3.5,5,0.25,1,12.72,15.78,28.5,0,1.42857142857143,3,1
0.66,759.5,318.5,220.5,3.5,2,0.25,1,13.17,16.39,29.56,0,1.40909090909091,0,1
0.66,759.5,318.5,220.5,3.5,3,0.25,1,13.18,16.27,29.45,0,1.40909090909091,1,1
0.66,759.5,318.5,220.5,3.5,4,0.25,1,13.17,16.39,29.56,0,1.40909090909091,2,1
0.66,759.5,318.5,220.5,3.5,5,0.25,1,13.18,16.19,29.37,0,1.40909090909091,3,1
0.64,784,343,220.5,3.5,2,0.25,1,17.5,21.13,38.63,0,1.39130434782609,0,1
0.64,784,343,220.5,3.5,3,0.25,1,17.35,21.19,38.54,0,1.39130434782609,1,1
0.64,784,343,220.5,3.5,4,0.25,1,17.52,21.09,38.61,0,1.39130434782609,2,1
0.64,784,343,220.5,3.5,5,0.25,1,17.37,21.08,38.45,0,1.39130434782609,3,1
0.62,808.5,367.5,220.5,3.5,2,0.25,1,15.09,15.77,30.86,0,1.375,0,1
0.62,808.5,367.5,220.5,3.5,3,0.25,1,15.12,15.95,31.07,0,1.375,1,1
0.62,808.5,367.5,220.5,3.5,4,0.25,1,15.08,15.77,30.85,0,1.375,2,1
0.62,808.5,367.5,220.5,3.5,5,0.25,1,15.16,15.76,30.92,0,1.375,3,1
0.98,514.5,294,110.25,7,2,0.25,2,28.67,29.62,58.29,0,1.27272727272727,0,2
0.98,514.5,294,110.25,7,3,0.25,2,28.57,29.69,58.26,0,1.27272727272727,1,2
0.98,514.5,294,110.25,7,4,0.25,2,28.18,30.18,58.36,0,1.27272727272727,2,2
0.98,514.5,294,110.25,7,5,0.25,2,28.6,30.02,58.62,0,1.27272727272727,3,2
0.9,563.5,318.5,122.5,7,2,0.25,2,32.46,35.56,68.02,0,1.27777777777778,0,2
0.9,563.5,318.5,122.5,7,3,0.25,2,33.27,32.64,65.91,0,1.27777777777778,1,2
0.9,563.5,318.5,122.5,7,4,0.25,2,32.33,32.77,65.1,0,1.27777777777778,2,2
0.9,563.5,318.5,122.5,7,5,0.25,2,31.66,37.72,69.38,0,1.27777777777778,3,2
0.86,588,294,147,7,2,0.25,2,29.34,33.37,62.71,0,1.33333333333333,0,2
0.86,588,294,147,7,3,0.25,2,29.87,27.89,57.76,0,1.33333333333333,1,2
0.86,588,294,147,7,4,0.25,2,29.27,29.9,59.17,0,1.33333333333333,2,2
0.86,588,294,147,7,5,0.25,2,28.4,34.52,62.92,0,1.33333333333333,3,2
0.82,612.5,318.5,147,7,2,0.25,2,25.74,28.27,54.01,0,1.31578947368421,0,2
0.82,612.5,318.5,147,7,3,0.25,2,25.98,26.96,52.94,0,1.31578947368421,1,2
0.82,612.5,318.5,147,7,4,0.25,2,25.38,26.72,52.1,0,1.31578947368421,2,2
0.82,612.5,318.5,147,7,5,0.25,2,24.94,29.88,54.82,0,1.31578947368421,3,2
0.79,637,343,147,7,2,0.25,2,38.57,43.86,82.43,0,1.3,0,2
0.79,637,343,147,7,3,0.25,2,40.19,37.41,77.6,0,1.3,1,2
0.79,637,343,147,7,4,0.25,2,39.97,36.77,76.74,0,1.3,2,2
0.79,637,343,147,7,5,0.25,2,38.98,45.97,84.95,0,1.3,3,2
0.76,661.5,416.5,122.5,7,2,0.25,2,36.95,36.87,73.82,0,1.22727272727273,0,2
0.76,661.5,416.5,122.5,7,3,0.25,2,36.28,37.35,73.63,0,1.22727272727273,1,2
0.76,661.5,416.5,122.5,7,4,0.25,2,36.86,37.28,74.14,0,1.22727272727273,2,2
0.76,661.5,416.5,122.5,7,5,0.25,2,36.45,36.81,73.26,0,1.22727272727273,3,2
0.74,686,245,220.5,3.5,2,0.25,2,12.35,14.73,27.08,0,1.47368421052632,0,2
0.74,686,245,220.5,3.5,3,0.25,2,12.45,15.1,27.55,0,1.47368421052632,1,2
0.74,686,245,220.5,3.5,4,0.25,2,12.16,15.18,27.34,0,1.47368421052632,2,2
0.74,686,245,220.5,3.5,5,0.25,2,12.3,15.44,27.74,0,1.47368421052632,3,2
0.71,710.5,269.5,220.5,3.5,2,0.25,2,12.33,14.91,27.24,0,1.45,0,2
0.71,710.5,269.5,220.5,3.5,3,0.25,2,12.29,15.4,27.69,0,1.45,1,2
0.71,710.5,269.5,220.5,3.5,4,0.25,2,12.2,14.94,27.14,0,1.45,2,2
0.71,710.5,269.5,220.5,3.5,5,0.25,2,12.49,15.32,27.81,0,1.45,3,2
0.69,735,294,220.5,3.5,2,0.25,2,12.85,15.52,28.37,0,1.42857142857143,0,2
0.69,735,294,220.5,3.5,3,0.25,2,12.87,15.85,28.72,0,1.42857142857143,1,2
0.69,735,294,220.5,3.5,4,0.25,2,12.73,15.66,28.39,0,1.42857142857143,2,2
0.69,735,294,220.5,3.5,5,0.25,2,12.95,15.99,28.94,0,1.42857142857143,3,2
0.66,759.5,318.5,220.5,3.5,2,0.25,2,13.05,15.89,28.94,0,1.40909090909091,0,2
0.66,759.5,318.5,220.5,3.5,3,0.25,2,12.93,15.85,28.78,0,1.40909090909091,1,2
0.66,759.5,318.5,220.5,3.5,4,0.25,2,12.77,16.22,28.99,0,1.40909090909091,2,2
0.66,759.5,318.5,220.5,3.5,5,0.25,2,13,15.87,28.87,0,1.40909090909091,3,2
0.64,784,343,220.5,3.5,2,0.25,2,17.14,20.47,37.61,0,1.39130434782609,0,2
0.64,784,343,220.5,3.5,3,0.25,2,16.84,20.56,37.4,0,1.39130434782609,1,2
0.64,784,343,220.5,3.5,4,0.25,2,17.02,20.48,37.5,0,1.39130434782609,2,2
0.64,784,343,220.5,3.5,5,0.25,2,17.11,20.43,37.54,0,1.39130434782609,3,2
0.62,808.5,367.5,220.5,3.5,2,0.25,2,14.34,15.32,29.66,0,1.375,0,2
0.62,808.5,367.5,220.5,3.5,3,0.25,2,14.66,15.64,30.3,0,1.375,1,2
0.62,808.5,367.5,220.5,3.5,4,0.25,2,14.6,15.14,29.74,0,1.375,2,2
0.62,808.5,367.5,220.5,3.5,5,0.25,2,14.6,15.3,29.9,0,1.375,3,2
0.98,514.5,294,110.25,7,2,0.25,3,28.67,29.43,58.1,0,1.27272727272727,0,3
0.98,514.5,294,110.25,7,3,0.25,3,28.56,29.78,58.34,0,1.27272727272727,1,3
0.98,514.5,294,110.25,7,4,0.25,3,28.17,30.1,58.27,0,1.27272727272727,2,3
0.98,514.5,294,110.25,7,5,0.25,3,28.63,30.19,58.82,0,1.27272727272727,3,3
0.9,563.5,318.5,122.5,7,2,0.25,3,31.63,36.35,67.98,0,1.27777777777778,0,3
0.9,563.5,318.5,122.5,7,3,0.25,3,32.4,35.1,67.5,0,1.27777777777778,1,3
0.9,563.5,318.5,122.5,7,4,0.25,3,32.68,32.83,65.51,0,1.27777777777778,2,3
0.9,563.5,318.5,122.5,7,5,0.25,3,32.29,32.46,64.75,0,1.27777777777778,3,3
0.86,588,294,147,7,2,0.25,3,28.4,33.52,61.92,0,1.33333333333333,0,3
0.86,588,294,147,7,3,0.25,3,29.4,32.93,62.33,0,1.33333333333333,1,3
0.86,588,294,147,7,4,0.25,3,29.43,28.38,57.81,0,1.33333333333333,2,3
0.86,588,294,147,7,5,0.25,3,29.07,29.82,58.89,0,1.33333333333333,3,3
0.82,612.5,318.5,147,7,2,0.25,3,24.7,28.77,53.47,0,1.31578947368421,0,3
0.82,612.5,318.5,147,7,3,0.25,3,25.48,27.76,53.24,0,1.31578947368421,1,3
0.82,612.5,318.5,147,7,4,0.25,3,25.37,26.95,52.32,0,1.31578947368421,2,3
0.82,612.5,318.5,147,7,5,0.25,3,25.17,26.41,51.58,0,1.31578947368421,3,3
0.79,637,343,147,7,2,0.25,3,39.04,45.13,84.17,0,1.3,0,3
0.79,637,343,147,7,3,0.25,3,38.35,43.66,82.01,0,1.3,1,3
0.79,637,343,147,7,4,0.25,3,39.81,37.76,77.57,0,1.3,2,3
0.79,637,343,147,7,5,0.25,3,39.83,36.87,76.7,0,1.3,3,3
0.76,661.5,416.5,122.5,7,2,0.25,3,35.99,36.07,72.06,0,1.22727272727273,0,3
0.76,661.5,416.5,122.5,7,3,0.25,3,36.59,36.44,73.03,0,1.22727272727273,1,3
0.76,661.5,416.5,122.5,7,4,0.25,3,35.64,37.28,72.92,0,1.22727272727273,2,3
0.76,661.5,416.5,122.5,7,5,0.25,3,36.52,37.29,73.81,0,1.22727272727273,3,3
0.74,686,245,220.5,3.5,2,0.25,3,11.8,14.49,26.29,0,1.47368421052632,0,3
0.74,686,245,220.5,3.5,3,0.25,3,12.03,13.79,25.82,0,1.47368421052632,1,3
0.74,686,245,220.5,3.5,4,0.25,3,11.98,14.72,26.7,0,1.47368421052632,2,3
0.74,686,245,220.5,3.5,5,0.25,3,11.69,14.76,26.45,0,1.47368421052632,3,3
0.71,710.5,269.5,220.5,3.5,2,0.25,3,12.41,14.92,27.33,0,1.45,0,3
0.71,710.5,269.5,220.5,3.5,3,0.25,3,12.28,14.74,27.02,0,1.45,1,3
0.71,710.5,269.5,220.5,3.5,4,0.25,3,12.1,15.57,27.67,0,1.45,2,3
0.71,710.5,269.5,220.5,3.5,5,0.25,3,12.19,14.94,27.13,0,1.45,3,3
0.69,735,294,220.5,3.5,2,0.25,3,12.34,14.92,27.26,0,1.42857142857143,0,3
0.69,735,294,220.5,3.5,3,0.25,3,12.46,14.38,26.84,0,1.42857142857143,1,3
0.69,735,294,220.5,3.5,4,0.25,3,12.31,15.44,27.75,0,1.42857142857143,2,3
0.69,735,294,220.5,3.5,5,0.25,3,12.12,15.17,27.29,0,1.42857142857143,3,3
0.66,759.5,318.5,220.5,3.5,2,0.25,3,12.97,15.53,28.5,0,1.40909090909091,0,3
0.66,759.5,318.5,220.5,3.5,3,0.25,3,13.01,15.8,28.81,0,1.40909090909091,1,3
0.66,759.5,318.5,220.5,3.5,4,0.25,3,12.74,16.14,28.88,0,1.40909090909091,2,3
0.66,759.5,318.5,220.5,3.5,5,0.25,3,12.84,16.26,29.1,0,1.40909090909091,3,3
0.64,784,343,220.5,3.5,2,0.25,3,16.83,19.87,36.7,0,1.39130434782609,0,3
0.64,784,343,220.5,3.5,3,0.25,3,16.93,20.03,36.96,0,1.39130434782609,1,3
0.64,784,343,220.5,3.5,4,0.25,3,16.66,20.46,37.12,0,1.39130434782609,2,3
0.64,784,343,220.5,3.5,5,0.25,3,16.86,20.28,37.14,0,1.39130434782609,3,3
0.62,808.5,367.5,220.5,3.5,2,0.25,3,13.91,14.89,28.8,0,1.375,0,3
0.62,808.5,367.5,220.5,3.5,3,0.25,3,14.34,14.96,29.3,0,1.375,1,3
0.62,808.5,367.5,220.5,3.5,4,0.25,3,13.95,14.89,28.84,0,1.375,2,3
0.62,808.5,367.5,220.5,3.5,5,0.25,3,13.99,14.35,28.34,0,1.375,3,3
0.98,514.5,294,110.25,7,2,0.25,4,28.7,29.61,58.31,0,1.27272727272727,0,4
0.98,514.5,294,110.25,7,3,0.25,4,28.55,29.59,58.14,0,1.27272727272727,1,4
0.98,514.5,294,110.25,7,4,0.25,4,28.15,30.19,58.34,0,1.27272727272727,2,4
0.98,514.5,294,110.25,7,5,0.25,4,28.62,30.12,58.74,0,1.27272727272727,3,4
0.9,563.5,318.5,122.5,7,2,0.25,4,32.67,32.12,64.79,0,1.27777777777778,0,4
0.9,563.5,318.5,122.5,7,3,0.25,4,31.69,37.12,68.81,0,1.27777777777778,1,4
0.9,563.5,318.5,122.5,7,4,0.25,4,32.07,36.16,68.23,0,1.27777777777778,2,4
0.9,563.5,318.5,122.5,7,5,0.25,4,33.28,33.16,66.44,0,1.27777777777778,3,4
0.86,588,294,147,7,2,0.25,4,29.47,29.45,58.92,0,1.33333333333333,0,4
0.86,588,294,147,7,3,0.25,4,28.42,34.19,62.61,0,1.33333333333333,1,4
0.86,588,294,147,7,4,0.25,4,29.08,33.93,63.01,0,1.33333333333333,2,4
0.86,588,294,147,7,5,0.25,4,29.88,28.31,58.19,0,1.33333333333333,3,4
0.82,612.5,318.5,147,7,2,0.25,4,25.66,26.3,51.96,0,1.31578947368421,0,4
0.82,612.5,318.5,147,7,3,0.25,4,24.96,29.43,54.39,0,1.31578947368421,1,4
0.82,612.5,318.5,147,7,4,0.25,4,25.43,28.76,54.19,0,1.31578947368421,2,4
0.82,612.5,318.5,147,7,5,0.25,4,26,27.34,53.34,0,1.31578947368421,3,4
0.79,637,343,147,7,2,0.25,4,40,36.26,76.26,0,1.3,0,4
0.79,637,343,147,7,3,0.25,4,38.84,45.48,84.32,0,1.3,1,4
0.79,637,343,147,7,4,0.25,4,38.33,44.16,82.49,0,1.3,2,4
0.79,637,343,147,7,5,0.25,4,40.12,37.26,77.38,0,1.3,3,4
0.76,661.5,416.5,122.5,7,2,0.25,4,36.95,37.2,74.15,0,1.22727272727273,0,4
0.76,661.5,416.5,122.5,7,3,0.25,4,36.45,36.76,73.21,0,1.22727272727273,1,4
0.76,661.5,416.5,122.5,7,4,0.25,4,36.81,37.05,73.86,0,1.22727272727273,2,4
0.76,661.5,416.5,122.5,7,5,0.25,4,36.26,37.51,73.77,0,1.22727272727273,3,4
0.74,686,245,220.5,3.5,2,0.25,4,12.32,14.92,27.24,0,1.47368421052632,0,4
0.74,686,245,220.5,3.5,3,0.25,4,12.3,15.24,27.54,0,1.47368421052632,1,4
0.74,686,245,220.5,3.5,4,0.25,4,12.18,15.03,27.21,0,1.47368421052632,2,4
0.74,686,245,220.5,3.5,5,0.25,4,12.43,15.35,27.78,0,1.47368421052632,3,4
0.71,710.5,269.5,220.5,3.5,2,0.25,4,12.36,14.67,27.03,0,1.45,0,4
0.71,710.5,269.5,220.5,3.5,3,0.25,4,12.49,15.09,27.58,0,1.45,1,4
0.71,710.5,269.5,220.5,3.5,4,0.25,4,12.17,15.2,27.37,0,1.45,2,4
0.71,710.5,269.5,220.5,3.5,5,0.25,4,12.28,15.64,27.92,0,1.45,3,4
0.69,735,294,220.5,3.5,2,0.25,4,12.91,15.37,28.28,0,1.42857142857143,0,4
0.69,735,294,220.5,3.5,3,0.25,4,12.95,15.73,28.68,0,1.42857142857143,1,4
0.69,735,294,220.5,3.5,4,0.25,4,12.67,15.83,28.5,0,1.42857142857143,2,4
0.69,735,294,220.5,3.5,5,0.25,4,12.86,16.13,28.99,0,1.42857142857143,3,4
0.66,759.5,318.5,220.5,3.5,2,0.25,4,12.95,15.95,28.9,0,1.40909090909091,0,4
0.66,759.5,318.5,220.5,3.5,3,0.25,4,13,15.59,28.59,0,1.40909090909091,1,4
0.66,759.5,318.5,220.5,3.5,4,0.25,4,12.86,16.17,29.03,0,1.40909090909091,2,4
0.66,759.5,318.5,220.5,3.5,5,0.25,4,12.92,16.14,29.06,0,1.40909090909091,3,4
0.64,784,343,220.5,3.5,2,0.25,4,16.99,19.65,36.64,0,1.39130434782609,0,4
0.64,784,343,220.5,3.5,3,0.25,4,16.69,19.76,36.45,0,1.39130434782609,1,4
0.64,784,343,220.5,3.5,4,0.25,4,16.56,20.37,36.93,0,1.39130434782609,2,4
0.64,784,343,220.5,3.5,5,0.25,4,16.62,19.9,36.52,0,1.39130434782609,3,4
0.62,808.5,367.5,220.5,3.5,2,0.25,4,14.33,15.41,29.74,0,1.375,0,4
0.62,808.5,367.5,220.5,3.5,3,0.25,4,14.61,15.56,30.17,0,1.375,1,4
0.62,808.5,367.5,220.5,3.5,4,0.25,4,14.61,15.07,29.68,0,1.375,2,4
0.62,808.5,367.5,220.5,3.5,5,0.25,4,14.65,15.38,30.03,0,1.375,3,4
0.98,514.5,294,110.25,7,2,0.25,5,28.69,29.53,58.22,0,1.27272727272727,0,5
0.98,514.5,294,110.25,7,3,0.25,5,28.58,29.77,58.35,0,1.27272727272727,1,5
0.98,514.5,294,110.25,7,4,0.25,5,28.15,30,58.15,0,1.27272727272727,2,5
0.98,514.5,294,110.25,7,5,0.25,5,28.61,30.2,58.81,0,1.27272727272727,3,5
0.9,563.5,318.5,122.5,7,2,0.25,5,33.13,32.25,65.38,0,1.27777777777778,0,5
0.9,563.5,318.5,122.5,7,3,0.25,5,32.31,32,64.31,0,1.27777777777778,1,5
0.9,563.5,318.5,122.5,7,4,0.25,5,31.53,37.19,68.72,0,1.27777777777778,2,5
0.9,563.5,318.5,122.5,7,5,0.25,5,32.46,35.62,68.08,0,1.27777777777778,3,5
0.86,588,294,147,7,2,0.25,5,29.71,28.02,57.73,0,1.33333333333333,0,5
0.86,588,294,147,7,3,0.25,5,29.09,29.43,58.52,0,1.33333333333333,1,5
0.86,588,294,147,7,4,0.25,5,28.31,34.15,62.46,0,1.33333333333333,2,5
0.86,588,294,147,7,5,0.25,5,29.39,33.47,62.86,0,1.33333333333333,3,5
0.82,612.5,318.5,147,7,2,0.25,5,25.7,26.53,52.23,0,1.31578947368421,0,5
0.82,612.5,318.5,147,7,3,0.25,5,25.17,26.08,51.25,0,1.31578947368421,1,5
0.82,612.5,318.5,147,7,4,0.25,5,24.6,29.31,53.91,0,1.31578947368421,2,5
0.82,612.5,318.5,147,7,5,0.25,5,25.49,28.14,53.63,0,1.31578947368421,3,5
0.79,637,343,147,7,2,0.25,5,39.89,37.54,77.43,0,1.3,0,5
0.79,637,343,147,7,3,0.25,5,39.83,36.66,76.49,0,1.3,1,5
0.79,637,343,147,7,4,0.25,5,39.01,45.28,84.29,0,1.3,2,5
0.79,637,343,147,7,5,0.25,5,38.65,43.73,82.38,0,1.3,3,5
0.76,661.5,416.5,122.5,7,2,0.25,5,35.69,36.93,72.62,0,1.22727272727273,0,5
0.76,661.5,416.5,122.5,7,3,0.25,5,36.64,37.01,73.65,0,1.22727272727273,1,5
0.76,661.5,416.5,122.5,7,4,0.25,5,36.06,35.73,71.79,0,1.22727272727273,2,5
0.76,661.5,416.5,122.5,7,5,0.25,5,36.7,36.15,72.85,0,1.22727272727273,3,5
0.74,686,245,220.5,3.5,2,0.25,5,12.12,14.48,26.6,0,1.47368421052632,0,5
0.74,686,245,220.5,3.5,3,0.25,5,11.67,14.58,26.25,0,1.47368421052632,1,5
0.74,686,245,220.5,3.5,4,0.25,5,11.64,14.81,26.45,0,1.47368421052632,2,5
0.74,686,245,220.5,3.5,5,0.25,5,12.02,14.03,26.05,0,1.47368421052632,3,5
0.71,710.5,269.5,220.5,3.5,2,0.25,5,12.27,15.27,27.54,0,1.45,0,5
0.71,710.5,269.5,220.5,3.5,3,0.25,5,12.19,14.71,26.9,0,1.45,1,5
0.71,710.5,269.5,220.5,3.5,4,0.25,5,12.25,15.23,27.48,0,1.45,2,5
0.71,710.5,269.5,220.5,3.5,5,0.25,5,12.27,14.97,27.24,0,1.45,3,5
0.69,735,294,220.5,3.5,2,0.25,5,12.47,15.14,27.61,0,1.42857142857143,0,5
0.69,735,294,220.5,3.5,3,0.25,5,12.12,14.97,27.09,0,1.42857142857143,1,5
0.69,735,294,220.5,3.5,4,0.25,5,12.18,15.22,27.4,0,1.42857142857143,2,5
0.69,735,294,220.5,3.5,5,0.25,5,12.47,14.6,27.07,0,1.42857142857143,3,5
0.66,759.5,318.5,220.5,3.5,2,0.25,5,12.93,15.83,28.76,0,1.40909090909091,0,5
0.66,759.5,318.5,220.5,3.5,3,0.25,5,12.82,16.03,28.85,0,1.40909090909091,1,5
0.66,759.5,318.5,220.5,3.5,4,0.25,5,12.78,15.8,28.58,0,1.40909090909091,2,5
0.66,759.5,318.5,220.5,3.5,5,0.25,5,13.02,16.06,29.08,0,1.40909090909091,3,5
0.64,784,343,220.5,3.5,2,0.25,5,16.73,20.13,36.86,0,1.39130434782609,0,5
0.64,784,343,220.5,3.5,3,0.25,5,16.86,20.01,36.87,0,1.39130434782609,1,5
0.64,784,343,220.5,3.5,4,0.25,5,16.76,20.19,36.95,0,1.39130434782609,2,5
0.64,784,343,220.5,3.5,5,0.25,5,16.92,20.29,37.21,0,1.39130434782609,3,5
0.62,808.5,367.5,220.5,3.5,2,0.25,5,13.68,15.19,28.87,0,1.375,0,5
0.62,808.5,367.5,220.5,3.5,3,0.25,5,13.99,14.61,28.6,0,1.375,1,5
0.62,808.5,367.5,220.5,3.5,4,0.25,5,14.16,14.61,28.77,0,1.375,2,5
0.62,808.5,367.5,220.5,3.5,5,0.25,5,13.86,14.75,28.61,0,1.375,3,5
0.98,514.5,294,110.25,7,2,0.4,1,32.26,33.37,65.63,1,1.27272727272727,0,1
0.98,514.5,294,110.25,7,3,0.4,1,32.26,33.34,65.6,1,1.27272727272727,1,1
0.98,514.5,294,110.25,7,4,0.4,1,32.49,32.83,65.32,1,1.27272727272727,2,1
0.98,514.5,294,110.25,7,5,0.4,1,32.53,33.04,65.57,1,1.27272727272727,3,1
0.9,563.5,318.5,122.5,7,2,0.4,1,36.47,39.28,75.75,1,1.27777777777778,0,1
0.9,563.5,318.5,122.5,7,3,0.4,1,37.24,36.38,73.62,1,1.27777777777778,1,1
0.9,563.5,318.5,122.5,7,4,0.4,1,36.66,35.92,72.58,1,1.27777777777778,2,1
0.9,563.5,318.5,122.5,7,5,0.4,1,35.96,40.99,76.95,1,1.27777777777778,3,1
0.86,588,294,147,7,2,0.4,1,31.89,35.99,67.88,1,1.33333333333333,0,1
0.86,588,294,147,7,3,0.4,1,32.39,30.66,63.05,1,1.33333333333333,1,1
0.86,588,294,147,7,4,0.4,1,32.09,31.7,63.79,1,1.33333333333333,2,1
0.86,588,294,147,7,5,0.4,1,31.29,36.73,68.02,1,1.33333333333333,3,1
0.82,612.5,318.5,147,7,2,0.4,1,29.22,31.71,60.93,1,1.31578947368421,0,1
0.82,612.5,318.5,147,7,3,0.4,1,29.91,29.13,59.04,1,1.31578947368421,1,1
0.82,612.5,318.5,147,7,4,0.4,1,29.53,28.99,58.52,1,1.31578947368421,2,1
0.82,612.5,318.5,147,7,5,0.4,1,28.65,33.54,62.19,1,1.31578947368421,3,1
0.79,637,343,147,7,2,0.4,1,41.4,45.29,86.69,1,1.3,0,1
0.79,637,343,147,7,3,0.4,1,42.62,39.07,81.69,1,1.3,1,1
0.79,637,343,147,7,4,0.4,1,42.5,38.35,80.85,1,1.3,2,1
0.79,637,343,147,7,5,0.4,1,41.67,46.94,88.61,1,1.3,3,1
0.76,661.5,416.5,122.5,7,2,0.4,1,40.78,39.55,80.33,1,1.22727272727273,0,1
0.76,661.5,416.5,122.5,7,3,0.4,1,39.97,40.85,80.82,1,1.22727272727273,1,1
0.76,661.5,416.5,122.5,7,4,0.4,1,40.71,40.63,81.34,1,1.22727272727273,2,1
0.76,661.5,416.5,122.5,7,5,0.4,1,40.43,39.48,79.91,1,1.22727272727273,3,1
0.74,686,245,220.5,3.5,2,0.4,1,14.52,16.94,31.46,1,1.47368421052632,0,1
0.74,686,245,220.5,3.5,3,0.4,1,14.61,17.25,31.86,1,1.47368421052632,1,1
0.74,686,245,220.5,3.5,4,0.4,1,14.5,17.03,31.53,1,1.47368421052632,2,1
0.74,686,245,220.5,3.5,5,0.4,1,14.55,17.25,31.8,1,1.47368421052632,3,1
0.71,710.5,269.5,220.5,3.5,2,0.4,1,14.51,17.1,31.61,1,1.45,0,1
0.71,710.5,269.5,220.5,3.5,3,0.4,1,14.6,17.51,32.11,1,1.45,1,1
0.71,710.5,269.5,220.5,3.5,4,0.4,1,14.5,17.12,31.62,1,1.45,2,1
0.71,710.5,269.5,220.5,3.5,5,0.4,1,14.58,17.47,32.05,1,1.45,3,1
0.69,735,294,220.5,3.5,2,0.4,1,14.51,16.5,31.01,1,1.42857142857143,0,1
0.69,735,294,220.5,3.5,3,0.4,1,14.7,17,31.7,1,1.42857142857143,1,1
0.69,735,294,220.5,3.5,4,0.4,1,14.42,16.87,31.29,1,1.42857142857143,2,1
0.69,735,294,220.5,3.5,5,0.4,1,14.42,17.2,31.62,1,1.42857142857143,3,1
0.66,759.5,318.5,220.5,3.5,2,0.4,1,15.23,18.14,33.37,1,1.40909090909091,0,1
0.66,759.5,318.5,220.5,3.5,3,0.4,1,15.23,18.03,33.26,1,1.40909090909091,1,1
0.66,759.5,318.5,220.5,3.5,4,0.4,1,15.23,18.14,33.37,1,1.40909090909091,2,1
0.66,759.5,318.5,220.5,3.5,5,0.4,1,15.23,17.95,33.18,1,1.40909090909091,3,1
0.64,784,343,220.5,3.5,2,0.4,1,19.52,22.72,42.24,1,1.39130434782609,0,1
0.64,784,343,220.5,3.5,3,0.4,1,19.36,22.73,42.09,1,1.39130434782609,1,1
0.64,784,343,220.5,3.5,4,0.4,1,19.48,22.72,42.2,1,1.39130434782609,2,1
0.64,784,343,220.5,3.5,5,0.4,1,19.42,22.53,41.95,1,1.39130434782609,3,1
0.62,808.5,367.5,220.5,3.5,2,0.4,1,15.09,17.2,32.29,1,1.375,0,1
0.62,808.5,367.5,220.5,3.5,3,0.4,1,17.17,17.21,34.38,1,1.375,1,1
0.62,808.5,367.5,220.5,3.5,4,0.4,1,17.14,17.15,34.29,1,1.375,2,1
0.62,808.5,367.5,220.5,3.5,5,0.4,1,17.14,17.2,34.34,1,1.375,3,1
0.98,514.5,294,110.25,7,2,0.4,2,32.82,32.96,65.78,1,1.27272727272727,0,2
0.98,514.5,294,110.25,7,3,0.4,2,32.71,33.13,65.84,1,1.27272727272727,1,2
0.98,514.5,294,110.25,7,4,0.4,2,32.24,33.94,66.18,1,1.27272727272727,2,2
0.98,514.5,294,110.25,7,5,0.4,2,32.72,33.78,66.5,1,1.27272727272727,3,2
0.9,563.5,318.5,122.5,7,2,0.4,2,35.84,38.35,74.19,1,1.27777777777778,0,2
0.9,563.5,318.5,122.5,7,3,0.4,2,36.57,35.39,71.96,1,1.27777777777778,1,2
0.9,563.5,318.5,122.5,7,4,0.4,2,36.06,34.94,71,1,1.27777777777778,2,2
0.9,563.5,318.5,122.5,7,5,0.4,2,35.69,40.66,76.35,1,1.27777777777778,3,2
0.86,588,294,147,7,2,0.4,2,32.48,35.48,67.96,1,1.33333333333333,0,2
0.86,588,294,147,7,3,0.4,2,32.74,30.53,63.27,1,1.33333333333333,1,2
0.86,588,294,147,7,4,0.4,2,32.13,32.28,64.41,1,1.33333333333333,2,2
0.86,588,294,147,7,5,0.4,2,31.64,36.86,68.5,1,1.33333333333333,3,2
0.82,612.5,318.5,147,7,2,0.4,2,28.95,30.34,59.29,1,1.31578947368421,0,2
0.82,612.5,318.5,147,7,3,0.4,2,29.49,27.93,57.42,1,1.31578947368421,1,2
0.82,612.5,318.5,147,7,4,0.4,2,28.64,28.95,57.59,1,1.31578947368421,2,2
0.82,612.5,318.5,147,7,5,0.4,2,28.01,32.92,60.93,1,1.31578947368421,3,2
0.79,637,343,147,7,2,0.4,2,41.64,45.59,87.23,1,1.3,0,2
0.79,637,343,147,7,3,0.4,2,43.1,39.41,82.51,1,1.3,1,2
0.79,637,343,147,7,4,0.4,2,42.74,38.84,81.58,1,1.3,2,2
0.79,637,343,147,7,5,0.4,2,41.92,48.03,89.95,1,1.3,3,2
0.76,661.5,416.5,122.5,7,2,0.4,2,40.78,39.48,80.26,1,1.22727272727273,0,2
0.76,661.5,416.5,122.5,7,3,0.4,2,40.15,40.4,80.55,1,1.22727272727273,1,2
0.76,661.5,416.5,122.5,7,4,0.4,2,40.57,40.47,81.04,1,1.22727272727273,2,2
0.76,661.5,416.5,122.5,7,5,0.4,2,40.42,39.7,80.12,1,1.22727272727273,3,2
0.74,686,245,220.5,3.5,2,0.4,2,14.54,16.43,30.97,1,1.47368421052632,0,2
0.74,686,245,220.5,3.5,3,0.4,2,14.45,16.93,31.38,1,1.47368421052632,1,2
0.74,686,245,220.5,3.5,4,0.4,2,14.18,16.99,31.17,1,1.47368421052632,2,2
0.74,686,245,220.5,3.5,5,0.4,2,14.5,17.03,31.53,1,1.47368421052632,3,2
0.71,710.5,269.5,220.5,3.5,2,0.4,2,14.7,16.77,31.47,1,1.45,0,2
0.71,710.5,269.5,220.5,3.5,3,0.4,2,14.66,17.37,32.03,1,1.45,1,2
0.71,710.5,269.5,220.5,3.5,4,0.4,2,14.4,17.27,31.67,1,1.45,2,2
0.71,710.5,269.5,220.5,3.5,5,0.4,2,14.71,17.51,32.22,1,1.45,3,2
0.69,735,294,220.5,3.5,2,0.4,2,14.75,16.44,31.19,1,1.42857142857143,0,2
0.69,735,294,220.5,3.5,3,0.4,2,14.71,17.01,31.72,1,1.42857142857143,1,2
0.69,735,294,220.5,3.5,4,0.4,2,14.33,17.23,31.56,1,1.42857142857143,2,2
0.69,735,294,220.5,3.5,5,0.4,2,14.62,17.22,31.84,1,1.42857142857143,3,2
0.66,759.5,318.5,220.5,3.5,2,0.4,2,15.34,17.85,33.19,1,1.40909090909091,0,2
0.66,759.5,318.5,220.5,3.5,3,0.4,2,15.29,17.89,33.18,1,1.40909090909091,1,2
0.66,759.5,318.5,220.5,3.5,4,0.4,2,15.09,18.36,33.45,1,1.40909090909091,2,2
0.66,759.5,318.5,220.5,3.5,5,0.4,2,15.3,18.15,33.45,1,1.40909090909091,3,2
0.64,784,343,220.5,3.5,2,0.4,2,19.2,21.72,40.92,1,1.39130434782609,0,2
0.64,784,343,220.5,3.5,3,0.4,2,18.88,22.07,40.95,1,1.39130434782609,1,2
0.64,784,343,220.5,3.5,4,0.4,2,18.9,22.09,40.99,1,1.39130434782609,2,2
0.64,784,343,220.5,3.5,5,0.4,2,19.12,21.93,41.05,1,1.39130434782609,3,2
0.62,808.5,367.5,220.5,3.5,2,0.4,2,16.76,17.36,34.12,1,1.375,0,2
0.62,808.5,367.5,220.5,3.5,3,0.4,2,17.23,17.38,34.61,1,1.375,1,2
0.62,808.5,367.5,220.5,3.5,4,0.4,2,17.26,16.86,34.12,1,1.375,2,2
0.62,808.5,367.5,220.5,3.5,5,0.4,2,17.15,16.99,34.14,1,1.375,3,2
0.98,514.5,294,110.25,7,2,0.4,3,32.82,32.78,65.6,1,1.27272727272727,0,3
0.98,514.5,294,110.25,7,3,0.4,3,32.69,33.24,65.93,1,1.27272727272727,1,3
0.98,514.5,294,110.25,7,4,0.4,3,32.23,33.86,66.09,1,1.27272727272727,2,3
0.98,514.5,294,110.25,7,5,0.4,3,32.75,34,66.75,1,1.27272727272727,3,3
0.9,563.5,318.5,122.5,7,2,0.4,3,34.24,37.26,71.5,1,1.27777777777778,0,3
0.9,563.5,318.5,122.5,7,3,0.4,3,34.95,35.04,69.99,1,1.27777777777778,1,3
0.9,563.5,318.5,122.5,7,4,0.4,3,35.05,33.82,68.87,1,1.27777777777778,2,3
0.9,563.5,318.5,122.5,7,5,0.4,3,34.29,33.31,67.6,1,1.27777777777778,3,3
0.86,588,294,147,7,2,0.4,3,31.28,35.22,66.5,1,1.33333333333333,0,3
0.86,588,294,147,7,3,0.4,3,32.12,34.7,66.82,1,1.33333333333333,1,3
0.86,588,294,147,7,4,0.4,3,32.05,30.11,62.16,1,1.33333333333333,2,3
0.86,588,294,147,7,5,0.4,3,31.84,31.6,63.44,1,1.33333333333333,3,3
0.82,612.5,318.5,147,7,2,0.4,3,28.67,32.43,61.1,1,1.31578947368421,0,3
0.82,612.5,318.5,147,7,3,0.4,3,29.67,30.65,60.32,1,1.31578947368421,1,3
0.82,612.5,318.5,147,7,4,0.4,3,29.47,29.77,59.24,1,1.31578947368421,2,3
0.82,612.5,318.5,147,7,5,0.4,3,28.91,29.64,58.55,1,1.31578947368421,3,3
0.79,637,343,147,7,2,0.4,3,41.26,46.44,87.7,1,1.3,0,3
0.79,637,343,147,7,3,0.4,3,41.3,44.18,85.48,1,1.3,1,3
0.79,637,343,147,7,4,0.4,3,42.49,38.81,81.3,1,1.3,2,3
0.79,637,343,147,7,5,0.4,3,42.08,38.23,80.31,1,1.3,3,3
0.76,661.5,416.5,122.5,7,2,0.4,3,39.32,38.17,77.49,1,1.22727272727273,0,3
0.76,661.5,416.5,122.5,7,3,0.4,3,39.84,38.48,78.32,1,1.22727272727273,1,3
0.76,661.5,416.5,122.5,7,4,0.4,3,38.89,39.66,78.55,1,1.22727272727273,2,3
0.76,661.5,416.5,122.5,7,5,0.4,3,39.68,40.1,79.78,1,1.22727272727273,3,3
0.74,686,245,220.5,3.5,2,0.4,3,13.97,16.08,30.05,1,1.47368421052632,0,3
0.74,686,245,220.5,3.5,3,0.4,3,14.22,15.39,29.61,1,1.47368421052632,1,3
0.74,686,245,220.5,3.5,4,0.4,3,14.1,16.57,30.67,1,1.47368421052632,2,3
0.74,686,245,220.5,3.5,5,0.4,3,13.78,16.6,30.38,1,1.47368421052632,3,3
0.71,710.5,269.5,220.5,3.5,2,0.4,3,14.07,16.11,30.18,1,1.45,0,3
0.71,710.5,269.5,220.5,3.5,3,0.4,3,14.03,15.47,29.5,1,1.45,1,3
0.71,710.5,269.5,220.5,3.5,4,0.4,3,13.94,16.7,30.64,1,1.45,2,3
0.71,710.5,269.5,220.5,3.5,5,0.4,3,13.86,16.1,29.96,1,1.45,3,3
0.69,735,294,220.5,3.5,2,0.4,3,14.32,16.35,30.67,1,1.42857142857143,0,3
0.69,735,294,220.5,3.5,3,0.4,3,14.56,15.84,30.4,1,1.42857142857143,1,3
0.69,735,294,220.5,3.5,4,0.4,3,14.33,16.99,31.32,1,1.42857142857143,2,3
0.69,735,294,220.5,3.5,5,0.4,3,14.08,17.02,31.1,1,1.42857142857143,3,3
0.66,759.5,318.5,220.5,3.5,2,0.4,3,15.16,17.04,32.2,1,1.40909090909091,0,3
0.66,759.5,318.5,220.5,3.5,3,0.4,3,15.18,17.63,32.81,1,1.40909090909091,1,3
0.66,759.5,318.5,220.5,3.5,4,0.4,3,14.72,18.1,32.82,1,1.40909090909091,2,3
0.66,759.5,318.5,220.5,3.5,5,0.4,3,14.9,18.22,33.12,1,1.40909090909091,3,3
0.64,784,343,220.5,3.5,2,0.4,3,18.48,20.78,39.26,1,1.39130434782609,0,3
0.64,784,343,220.5,3.5,3,0.4,3,18.71,20.72,39.43,1,1.39130434782609,1,3
0.64,784,343,220.5,3.5,4,0.4,3,18.48,21.54,40.02,1,1.39130434782609,2,3
0.64,784,343,220.5,3.5,5,0.4,3,18.46,21.53,39.99,1,1.39130434782609,3,3
0.62,808.5,367.5,220.5,3.5,2,0.4,3,16.47,16.9,33.37,1,1.375,0,3
0.62,808.5,367.5,220.5,3.5,3,0.4,3,16.35,17.14,33.49,1,1.375,1,3
0.62,808.5,367.5,220.5,3.5,4,0.4,3,16.55,16.56,33.11,1,1.375,2,3
0.62,808.5,367.5,220.5,3.5,5,0.4,3,16.74,16,32.74,1,1.375,3,3
0.98,514.5,294,110.25,7,2,0.4,4,32.85,32.95,65.8,1,1.27272727272727,0,4
0.98,514.5,294,110.25,7,3,0.4,4,32.67,33.06,65.73,1,1.27272727272727,1,4
0.98,514.5,294,110.25,7,4,0.4,4,32.21,33.95,66.16,1,1.27272727272727,2,4
0.98,514.5,294,110.25,7,5,0.4,4,32.74,33.88,66.62,1,1.27272727272727,3,4
0.9,563.5,318.5,122.5,7,2,0.4,4,36.45,33.98,70.43,1,1.27777777777778,0,4
0.9,563.5,318.5,122.5,7,3,0.4,4,35.73,39.92,75.65,1,1.27777777777778,1,4
0.9,563.5,318.5,122.5,7,4,0.4,4,35.4,39.22,74.62,1,1.27777777777778,2,4
0.9,563.5,318.5,122.5,7,5,0.4,4,36.57,36.1,72.67,1,1.27777777777778,3,4
0.86,588,294,147,7,2,0.4,4,32.38,31.53,63.91,1,1.33333333333333,0,4
0.86,588,294,147,7,3,0.4,4,31.66,36.2,67.86,1,1.33333333333333,1,4
0.86,588,294,147,7,4,0.4,4,32.15,36.21,68.36,1,1.33333333333333,2,4
0.86,588,294,147,7,5,0.4,4,32.75,31,63.75,1,1.33333333333333,3,4
0.82,612.5,318.5,147,7,2,0.4,4,28.93,28.2,57.13,1,1.31578947368421,0,4
0.82,612.5,318.5,147,7,3,0.4,4,28.05,32.35,60.4,1,1.31578947368421,1,4
0.82,612.5,318.5,147,7,4,0.4,4,28.64,31.14,59.78,1,1.31578947368421,2,4
0.82,612.5,318.5,147,7,5,0.4,4,29.52,28.43,57.95,1,1.31578947368421,3,4
0.79,637,343,147,7,2,0.4,4,42.77,38.33,81.1,1,1.3,0,4
0.79,637,343,147,7,3,0.4,4,41.73,47.59,89.32,1,1.3,1,4
0.79,637,343,147,7,4,0.4,4,41.32,46.23,87.55,1,1.3,2,4
0.79,637,343,147,7,5,0.4,4,42.96,39.56,82.52,1,1.3,3,4
0.76,661.5,416.5,122.5,7,2,0.4,4,40.68,40.36,81.04,1,1.22727272727273,0,4
0.76,661.5,416.5,122.5,7,3,0.4,4,40.4,39.67,80.07,1,1.22727272727273,1,4
0.76,661.5,416.5,122.5,7,4,0.4,4,40.6,39.85,80.45,1,1.22727272727273,2,4
0.76,661.5,416.5,122.5,7,5,0.4,4,40.11,40.77,80.88,1,1.22727272727273,3,4
0.74,686,245,220.5,3.5,2,0.4,4,14.37,16.61,30.98,1,1.47368421052632,0,4
0.74,686,245,220.5,3.5,3,0.4,4,14.48,16.74,31.22,1,1.47368421052632,1,4
0.74,686,245,220.5,3.5,4,0.4,4,14.32,16.9,31.22,1,1.47368421052632,2,4
0.74,686,245,220.5,3.5,5,0.4,4,14.44,17.32,31.76,1,1.47368421052632,3,4
0.71,710.5,269.5,220.5,3.5,2,0.4,4,14.6,16.85,31.45,1,1.45,0,4
0.71,710.5,269.5,220.5,3.5,3,0.4,4,14.7,17.2,31.9,1,1.45,1,4
0.71,710.5,269.5,220.5,3.5,4,0.4,4,14.47,17.23,31.7,1,1.45,2,4
0.71,710.5,269.5,220.5,3.5,5,0.4,4,14.66,17.74,32.4,1,1.45,3,4
0.69,735,294,220.5,3.5,2,0.4,4,14.54,16.81,31.35,1,1.42857142857143,0,4
0.69,735,294,220.5,3.5,3,0.4,4,14.62,16.88,31.5,1,1.42857142857143,1,4
0.69,735,294,220.5,3.5,4,0.4,4,14.53,16.9,31.43,1,1.42857142857143,2,4
0.69,735,294,220.5,3.5,5,0.4,4,14.71,17.39,32.1,1,1.42857142857143,3,4
0.66,759.5,318.5,220.5,3.5,2,0.4,4,15.34,17.86,33.2,1,1.40909090909091,0,4
0.66,759.5,318.5,220.5,3.5,3,0.4,4,15.29,17.82,33.11,1,1.40909090909091,1,4
0.66,759.5,318.5,220.5,3.5,4,0.4,4,15.09,18.36,33.45,1,1.40909090909091,2,4
0.66,759.5,318.5,220.5,3.5,5,0.4,4,15.3,18.24,33.54,1,1.40909090909091,3,4
0.64,784,343,220.5,3.5,2,0.4,4,19.06,21.68,40.74,1,1.39130434782609,0,4
0.64,784,343,220.5,3.5,3,0.4,4,19.13,21.54,40.67,1,1.39130434782609,1,4
0.64,784,343,220.5,3.5,4,0.4,4,19,22.25,41.25,1,1.39130434782609,2,4
0.64,784,343,220.5,3.5,5,0.4,4,18.84,22.49,41.33,1,1.39130434782609,3,4
0.62,808.5,367.5,220.5,3.5,2,0.4,4,16.44,17.1,33.54,1,1.375,0,4
0.62,808.5,367.5,220.5,3.5,3,0.4,4,16.9,16.79,33.69,1,1.375,1,4
0.62,808.5,367.5,220.5,3.5,4,0.4,4,16.94,16.58,33.52,1,1.375,2,4
0.62,808.5,367.5,220.5,3.5,5,0.4,4,16.77,16.79,33.56,1,1.375,3,4
0.98,514.5,294,110.25,7,2,0.4,5,32.84,32.88,65.72,1,1.27272727272727,0,5
0.98,514.5,294,110.25,7,3,0.4,5,32.72,33.23,65.95,1,1.27272727272727,1,5
0.98,514.5,294,110.25,7,4,0.4,5,32.21,33.76,65.97,1,1.27272727272727,2,5
0.98,514.5,294,110.25,7,5,0.4,5,32.73,34.01,66.74,1,1.27272727272727,3,5
0.9,563.5,318.5,122.5,7,2,0.4,5,35.67,33.94,69.61,1,1.27777777777778,0,5
0.9,563.5,318.5,122.5,7,3,0.4,5,35.01,33.14,68.15,1,1.27777777777778,1,5
0.9,563.5,318.5,122.5,7,4,0.4,5,34.72,38.79,73.51,1,1.27777777777778,2,5
0.9,563.5,318.5,122.5,7,5,0.4,5,35.24,37.27,72.51,1,1.27777777777778,3,5
0.86,588,294,147,7,2,0.4,5,32.31,29.69,62,1,1.33333333333333,0,5
0.86,588,294,147,7,3,0.4,5,31.81,31.2,63.01,1,1.33333333333333,1,5
0.86,588,294,147,7,4,0.4,5,31.12,36.26,67.38,1,1.33333333333333,2,5
0.86,588,294,147,7,5,0.4,5,32.06,35.71,67.77,1,1.33333333333333,3,5
0.82,612.5,318.5,147,7,2,0.4,5,30,29.93,59.93,1,1.31578947368421,0,5
0.82,612.5,318.5,147,7,3,0.4,5,29.5,29.56,59.06,1,1.31578947368421,1,5
0.82,612.5,318.5,147,7,4,0.4,5,29.06,33.84,62.9,1,1.31578947368421,2,5
0.82,612.5,318.5,147,7,5,0.4,5,29.92,32.54,62.46,1,1.31578947368421,3,5
0.79,637,343,147,7,2,0.4,5,42.11,38.56,80.67,1,1.3,0,5
0.79,637,343,147,7,3,0.4,5,41.96,37.7,79.66,1,1.3,1,5
0.79,637,343,147,7,4,0.4,5,41.09,47.01,88.1,1,1.3,2,5
0.79,637,343,147,7,5,0.4,5,40.79,44.87,85.66,1,1.3,3,5
0.76,661.5,416.5,122.5,7,2,0.4,5,38.82,39.37,78.19,1,1.22727272727273,0,5
0.76,661.5,416.5,122.5,7,3,0.4,5,39.72,39.8,79.52,1,1.22727272727273,1,5
0.76,661.5,416.5,122.5,7,4,0.4,5,39.31,37.79,77.1,1,1.22727272727273,2,5
0.76,661.5,416.5,122.5,7,5,0.4,5,39.86,38.18,78.04,1,1.22727272727273,3,5
0.74,686,245,220.5,3.5,2,0.4,5,14.41,16.69,31.1,1,1.47368421052632,0,5
0.74,686,245,220.5,3.5,3,0.4,5,14.19,16.62,30.81,1,1.47368421052632,1,5
0.74,686,245,220.5,3.5,4,0.4,5,14.17,16.94,31.11,1,1.47368421052632,2,5
0.74,686,245,220.5,3.5,5,0.4,5,14.39,16.7,31.09,1,1.47368421052632,3,5
0.71,710.5,269.5,220.5,3.5,2,0.4,5,12.43,15.59,28.02,1,1.45,0,5
0.71,710.5,269.5,220.5,3.5,3,0.4,5,12.63,14.58,27.21,1,1.45,1,5
0.71,710.5,269.5,220.5,3.5,4,0.4,5,12.76,15.33,28.09,1,1.45,2,5
0.71,710.5,269.5,220.5,3.5,5,0.4,5,12.42,15.31,27.73,1,1.45,3,5
0.69,735,294,220.5,3.5,2,0.4,5,14.12,16.63,30.75,1,1.42857142857143,0,5
0.69,735,294,220.5,3.5,3,0.4,5,14.28,15.87,30.15,1,1.42857142857143,1,5
0.69,735,294,220.5,3.5,4,0.4,5,14.37,16.54,30.91,1,1.42857142857143,2,5
0.69,735,294,220.5,3.5,5,0.4,5,14.21,16.74,30.95,1,1.42857142857143,3,5
0.66,759.5,318.5,220.5,3.5,2,0.4,5,14.96,17.64,32.6,1,1.40909090909091,0,5
0.66,759.5,318.5,220.5,3.5,3,0.4,5,14.92,17.79,32.71,1,1.40909090909091,1,5
0.66,759.5,318.5,220.5,3.5,4,0.4,5,14.92,17.55,32.47,1,1.40909090909091,2,5
0.66,759.5,318.5,220.5,3.5,5,0.4,5,15.16,18.06,33.22,1,1.40909090909091,3,5
0.64,784,343,220.5,3.5,2,0.4,5,17.69,20.82,38.51,1,1.39130434782609,0,5
0.64,784,343,220.5,3.5,3,0.4,5,18.19,20.21,38.4,1,1.39130434782609,1,5
0.64,784,343,220.5,3.5,4,0.4,5,18.16,20.71,38.87,1,1.39130434782609,2,5
0.64,784,343,220.5,3.5,5,0.4,5,17.88,21.4,39.28,1,1.39130434782609,3,5
0.62,808.5,367.5,220.5,3.5,2,0.4,5,16.54,16.88,33.42,1,1.375,0,5
0.62,808.5,367.5,220.5,3.5,3,0.4,5,16.44,17.11,33.55,1,1.375,1,5
0.62,808.5,367.5,220.5,3.5,4,0.4,5,16.48,16.61,33.09,1,1.375,2,5
0.62,808.5,367.5,220.5,3.5,5,0.4,5,16.64,16.03,32.67,1,1.375,3,5
